state,region_name,functional_class,source,ped_fatal_rate,bike_fatal_rate,mv_fatal_rate,all_fatal_rate
AK,West,Expressway,hpms and fars,0.0025920625230968215,0.00018515038377045799,0.016292930396249756,0.019255288716324568
AL,South,Expressway,hpms and fars,0.02123840027811936,0.00019292412197820534,0.09401768302219189,0.11544900742228945
AR,South,Expressway,hpms and fars,0.02173398785493389,0.00042701784614333494,0.07230738191892724,0.09446838762000445
AS,Territories,Expressway,national average,0.013811032350597446,0.00031686160208677783,0.06644855487913753,0.08061299329189434
AZ,West,Expressway,hpms and fars,0.01338620089962585,0.0008406915941433961,0.1001977034241663,0.1145673018943905
CA,West,Expressway,hpms and fars,0.05340320024713444,0.0018392743361005971,0.16696261655901767,0.22243521517045597
CO,West,Expressway,hpms and fars,0.010728609302623912,0.0006131291261307025,0.07939749022267342,0.09089254703621885
CT,Northeast,Expressway,hpms and fars,0.012789441227833789,0.0,0.10487356526976535,0.11766300649759916
DC,South,Expressway,hpms and fars,0.02906613441860182,0.0,0.06498117278533382,0.09404730720393564
DE,South,Expressway,hpms and fars,0.03607781430360196,0.0018385732671446955,0.1222598125580939,0.16017620012884054
FL,South,Expressway,hpms and fars,0.026128492971672117,0.0004421037240466143,0.15007615742365235,0.1768227082305389
GA,South,Expressway,hpms and fars,0.0349750916021581,0.00014053618771699665,0.13525779888940884,0.17037342667928393
GU,Territories,Expressway,national average,0.013811032350597446,0.00031686160208677783,0.06644855487913753,0.08061299329189434
HI,West,Expressway,hpms and fars,0.029380522973308926,0.0,0.061021086175333916,0.09040160914864284
IA,Midwest,Expressway,hpms and fars,0.0045478618968339815,0.0,0.039205537763952955,0.04375339966078694
ID,West,Expressway,hpms and fars,0.004005147643812814,0.00028334110160186895,0.04492625272589196,0.049214741471306646
IL,Midwest,Expressway,hpms and fars,0.00782565044401511,8.505317950048267e-05,0.06226408975368558,0.07017479337720117
IN,Midwest,Expressway,hpms and fars,0.008154213168433344,0.00012535153270452828,0.05833031631132911,0.06660988101246698
KS,Midwest,Expressway,hpms and fars,0.00489111164240034,0.00013565585195605563,0.044706328971987855,0.049733096466344245
KY,South,Expressway,hpms and fars,0.008252512443146042,0.0001422875859772738,0.05307218132719684,0.06146698135632016
LA,South,Expressway,hpms and fars,0.02502585912782851,0.0009214008621716062,0.08855471931800703,0.11468461903653145
MA,Northeast,Expressway,hpms and fars,0.010410829932899,0.0,0.07687828048231538,0.08728911041521438
MD,South,Expressway,hpms and fars,0.031014752747411344,0.0006999597386916476,0.08883754677038884,0.12055225925649182
ME,Northeast,Expressway,hpms and fars,0.003115886644919597,0.0,0.02700598864653973,0.030121875291459328
MI,Midwest,Expressway,hpms and fars,0.009710976980144653,0.0,0.058164310465696256,0.06787528744584091
MN,Midwest,Expressway,hpms and fars,0.0029119892494748967,0.0003425415831354825,0.03477330463725228,0.038199146521909526
MO,Midwest,Expressway,hpms and fars,0.010797586285931615,0.00046671636401697655,0.052986473308157714,0.06425077595810631
MP,Territories,Expressway,national average,0.013811032350597446,0.00031686160208677783,0.06644855487913753,0.08061299329189434
MS,South,Expressway,hpms and fars,0.018537206712965777,0.0,0.07437249397569351,0.0929097006886593
MT,West,Expressway,hpms and fars,0.002012349190919755,0.0,0.02515487880858593,0.027167227999505682
NC,South,Expressway,hpms and fars,0.01757899090801544,0.00017968380545091775,0.07376149218732243,0.09161037641690042
ND,Midwest,Expressway,hpms and fars,0.0014012397468660398,0.0,0.018216116709258517,0.019617356456124557
NE,Midwest,Expressway,hpms and fars,0.004020096102743479,0.0,0.034701521486244655,0.038721617588988136
NH,Northeast,Expressway,hpms and fars,0.002594955082969838,0.0,0.04151925186727348,0.044114206950243325
NJ,Northeast,Expressway,hpms and fars,0.024782608695652172,0.0004347826086956521,0.11130434782608693,0.13652173913043478
NM,West,Expressway,hpms and fars,0.017801895365613902,0.0,0.06270223137184285,0.08050412673745674
NV,West,Expressway,hpms and fars,0.012467991128070243,0.0,0.06443353658068066,0.07690152770875089
NY,Northeast,Expressway,hpms and fars,0.01001165139126109,0.0003652418923501389,0.045817640519174176,0.0562676021052078
OH,Midwest,Expressway,hpms and fars,0.009298904774024964,8.023759957987594e-05,0.05604558236607117,0.065424724739676
OK,South,Expressway,hpms and fars,0.014964785959953628,0.000703901061940559,0.06364354550587714,0.07931223252777134
OR,West,Expressway,hpms and fars,0.014562707521074187,0.0005011526510975242,0.03617055122822023,0.051234411400391935
PA,Northeast,Expressway,hpms and fars,0.005749505970818461,0.0001438838051942773,0.04584875143783318,0.05174214121384592
PR,Territories,Expressway,national average,0.013811032350597446,0.00031686160208677783,0.06644855487913753,0.08061299329189434
RI,Northeast,Expressway,hpms and fars,0.01000761870987273,0.0012336084280127801,0.0840629688676987,0.09530419600558422
SC,South,Expressway,hpms and fars,0.020005583965535628,0.0008156712538029021,0.10453210051603438,0.12535335573537293
SD,Midwest,Expressway,hpms and fars,0.0018236908634475615,0.00020164989947752508,0.01821971924930394,0.020245060012229026
TN,South,Expressway,hpms and fars,0.02041276527626445,0.0007110120175442224,0.10768452581062356,0.12880830310443225
TX,South,Expressway,hpms and fars,0.03626206358266343,0.0007181264374868594,0.11577605701962586,0.1528765014741083
UT,West,Expressway,hpms and fars,0.004989003585256667,0.0,0.04727961753733566,0.052467272281225205
VA,South,Expressway,hpms and fars,0.01118653402311182,0.0001268456035313816,0.08210532238892607,0.09341870201556926
VI,Territories,Expressway,national average,0.013811032350597446,0.00031686160208677783,0.06644855487913753,0.08061299329189434
VT,Northeast,Expressway,hpms and fars,0.000595349723311216,0.0,0.01901114290197681,0.019606492625288026
WA,West,Expressway,hpms and fars,0.011011856893556276,0.00022243625533012877,0.04237953828369783,0.05361383143258423
WI,Midwest,Expressway,hpms and fars,0.004072881562072096,0.0,0.03708078270001372,0.041294049619893
WV,South,Expressway,hpms and fars,0.0038618206402380715,0.0,0.05087078637021403,0.05473260701045211
WY,West,Expressway,hpms and fars,0.0021842556942285084,0.0,0.02883106619318252,0.03101532188741103
AK,West,Local Road,hpms and fars,6.812966608373221e-05,1.702871705815971e-05,0.0002914653969155821,0.000376623780057474
AL,South,Local Road,hpms and fars,0.0001538962937866969,2.6766287838942745e-05,0.0012934064921785878,0.0014770087021282047
AR,South,Local Road,hpms and fars,0.00016352531463762046,1.9741832591194725e-05,0.001262794633191584,0.0014516492141537314
AS,Territories,Local Road,national average,0.00026264540427920613,5.1886026831045514e-05,0.0012125605923935998,0.001540577866159467
AZ,West,Local Road,hpms and fars,0.00011452730683501216,1.9908768402406712e-05,0.0006340372620553241,0.0007762924487179738
CA,West,Local Road,hpms and fars,0.0006422277767215496,0.00013265576702600903,0.0017259454257472777,0.002537790021082638
CO,West,Local Road,hpms and fars,0.00010824217844051306,2.5481852488919458e-05,0.0007419777113812519,0.0008788704818082935
CT,Northeast,Local Road,hpms and fars,0.00028556210000362864,0.0,0.0012477425976878708,0.0015470060681025681
DC,South,Local Road,hpms and fars,0.0024489021871723303,0.0005655964638909078,0.003954263086446527,0.007157293892140068
DE,South,Local Road,hpms and fars,0.0004294786984450044,0.00017121847321945678,0.002276533257254552,0.0028772304289190133
FL,South,Local Road,hpms and fars,0.0007841227112729381,0.00022676057650683983,0.0026671901708631993,0.0037299235752935576
GA,South,Local Road,hpms and fars,0.00026642607343134293,4.4662770289140267e-05,0.0019099876406596082,0.0022413661955702257
GU,Territories,Local Road,national average,0.00026264540427920613,5.1886026831045514e-05,0.0012125605923935998,0.001540577866159467
HI,West,Local Road,hpms and fars,0.00014036171213216458,7.018085606608229e-05,6.979287568283606e-05,0.00028033544388108287
IA,Midwest,Local Road,hpms and fars,9.101883921560986e-05,2.2057878454626765e-05,0.0005983806535094112,0.0007169722617228671
ID,West,Local Road,hpms and fars,4.973365236191753e-05,9.880508367798008e-06,0.000624215350054967,0.0006887468747294587
IL,Midwest,Local Road,hpms and fars,0.0001743502693430617,3.374744482821673e-05,0.0010235797717107358,0.0012466764839420654
IN,Midwest,Local Road,hpms and fars,0.00015577488790287535,3.434867823508071e-05,0.0015396051007271125,0.001739137378435227
KS,Midwest,Local Road,hpms and fars,3.557318522446831e-05,4.1904208809267905e-06,0.00044319788379921273,0.00048503858828623773
KY,South,Local Road,hpms and fars,0.000185915733013543,2.503469798606872e-05,0.001662070271546464,0.0018765923468193068
LA,South,Local Road,hpms and fars,0.0007077006524205549,0.00019029871150952517,0.0024652738230128523,0.0033851164854080047
MA,Northeast,Local Road,hpms and fars,0.0002728700674248225,4.010755155071864e-05,0.0011309484142382053,0.0014519465680286222
MD,South,Local Road,hpms and fars,0.0003112862559647353,4.4501247741142094e-05,0.0014315939731653939,0.0018051233329920767
ME,Northeast,Local Road,hpms and fars,0.00016669433523145333,1.3919265753163814e-05,0.0018341151698726093,0.0020286480366103906
MI,Midwest,Local Road,hpms and fars,0.00017743155106009098,4.927419768771376e-05,0.0013774593641244517,0.001616492994382747
MN,Midwest,Local Road,hpms and fars,6.439522799693556e-05,1.034218975181109e-05,0.00034081623542011957,0.00041555365316886625
MO,Midwest,Local Road,hpms and fars,0.00010489863504092205,1.259264283761986e-05,0.0010240996541510425,0.0011415909320295844
MP,Territories,Local Road,national average,0.00026264540427920613,5.1886026831045514e-05,0.0012125605923935998,0.001540577866159467
MS,South,Local Road,hpms and fars,0.00016918415196396375,2.631232119847852e-05,0.0008683605504286089,0.001067619597501642
MT,West,Local Road,hpms and fars,6.777283712904111e-05,7.985126449959086e-06,0.0004940889769866177,0.0005778363668032795
NC,South,Local Road,hpms and fars,0.00047600377222710487,5.374586510447389e-05,0.003157519920879713,0.003702604566990505
ND,Midwest,Local Road,hpms and fars,2.3070705431863725e-05,0.0,0.00020487674037722374,0.00022794744580908745
NE,Midwest,Local Road,hpms and fars,4.555542552427066e-05,0.0,0.00035225874483892723,0.0003978141703631979
NH,Northeast,Local Road,hpms and fars,0.00020720323552627049,3.459050359606101e-05,0.0015545616083224554,0.001796355347444787
NJ,Northeast,Local Road,hpms and fars,0.0007387108114561231,0.0001448381586077772,0.0014405919408624936,0.002345847950352721
NM,West,Local Road,hpms and fars,9.667976931170779e-05,1.4130865278828384e-05,0.0005573680713093554,0.0006681787058998914
NV,West,Local Road,hpms and fars,0.0002295415400711042,4.8027355148821375e-05,0.0007265508813040039,0.0010148261845582857
NY,Northeast,Local Road,hpms and fars,0.0006305273014634973,0.00011930092711200109,0.0017365834303878606,0.0025097780420695595
OH,Midwest,Local Road,hpms and fars,0.0001964569911489457,3.928721890805353e-05,0.0016778629568217566,0.0019228495330089832
OK,South,Local Road,hpms and fars,0.00011733954651319033,3.492704554013421e-05,0.0008720500510813968,0.001029286443335294
OR,West,Local Road,hpms and fars,7.217691365263733e-05,2.667161582976467e-05,0.0005400738897050489,0.0006389224191874508
PA,Northeast,Local Road,hpms and fars,0.0004269691627488472,6.090647737477834e-05,0.0019332650448749284,0.002446963909440262
PR,Territories,Local Road,national average,0.00026264540427920613,5.1886026831045514e-05,0.0012125605923935998,0.001540577866159467
RI,Northeast,Local Road,hpms and fars,0.00028692767575058133,4.875810664470602e-05,0.0016027550049871751,0.0019384407873824627
SC,South,Local Road,hpms and fars,0.00021385122750479626,2.5726590438666232e-05,0.0014244613022406395,0.001671272147752986
SD,Midwest,Local Road,hpms and fars,2.5048092396453025e-05,3.594830920722475e-06,0.00022973497700177892,0.0002619727312396769
TN,South,Local Road,hpms and fars,0.00018990010747315338,8.89853793181954e-06,0.0016115000091951037,0.00181623394809364
TX,South,Local Road,hpms and fars,0.0001858133543830929,2.7085182500467083e-05,0.0009587599425833224,0.0011875580161920685
UT,West,Local Road,hpms and fars,0.00011240525366452011,2.2576336095776917e-05,0.0004997585990517335,0.0006684561050499885
VA,South,Local Road,hpms and fars,0.00019457613597949165,1.6210162319068697e-05,0.001443513543838586,0.0016664801820575465
VI,Territories,Local Road,national average,0.00026264540427920613,5.1886026831045514e-05,0.0012125605923935998,0.001540577866159467
VT,Northeast,Local Road,hpms and fars,8.500603967741242e-05,0.0,0.0009773240341886872,0.0010623300738660997
WA,West,Local Road,hpms and fars,0.00024560461530671597,3.7039111422819046e-05,0.0007892559441720403,0.0011053839614660844
WI,Midwest,Local Road,hpms and fars,6.624256278681207e-05,2.0373310832106147e-05,0.000850993794401525,0.0009376096680204433
WV,South,Local Road,hpms and fars,9.947839666595055e-05,0.0,0.0010174565471092558,0.0011245765926260055
WY,West,Local Road,hpms and fars,8.98246813184413e-05,1.4903918165566136e-05,0.0007485714897265737,0.0008533000892105812
AK,West,Major Arterial,hpms and fars,0.0048991516636483195,0.0008520380308533228,0.015337024866271124,0.021088214560772766
AL,South,Major Arterial,hpms and fars,0.013000929153976798,0.0006594992956302308,0.058000318080393284,0.0717205289697456
AR,South,Major Arterial,hpms and fars,0.01004537888904764,0.000797122943771392,0.05684039114869943,0.06784241842962085
AS,Territories,Major Arterial,national average,0.016101784892910205,0.0020055313247254033,0.04720349201057949,0.06574103465289091
AZ,West,Major Arterial,hpms and fars,0.04057713036467928,0.004831311266728809,0.0956375902051346,0.14284831998392317
CA,West,Major Arterial,hpms and fars,0.040066804039623496,0.005938661857497342,0.06519289792302577,0.11304927626599484
CO,West,Major Arterial,hpms and fars,0.01325361146761336,0.002144765125377008,0.04987973644755584,0.06577307878485589
CT,Northeast,Major Arterial,hpms and fars,0.02230363643577643,0.00143889780775903,0.05012258717321098,0.07458462352466981
DC,South,Major Arterial,hpms and fars,0.039283232205212223,0.005610548989622618,0.0280996737324753,0.07299345492731014
DE,South,Major Arterial,hpms and fars,0.042160063816043244,0.006380763664462269,0.08049825620065137,0.12967728650201335
FL,South,Major Arterial,hpms and fars,0.052477722173376096,0.012435173236331459,0.12553867122349965,0.1922452623648466
GA,South,Major Arterial,hpms and fars,0.020479933630165252,0.00191668627817328,0.058983415442208934,0.08175638331807553
GU,Territories,Major Arterial,national average,0.016101784892910205,0.0020055313247254033,0.04720349201057949,0.06574103465289091
HI,West,Major Arterial,hpms and fars,0.04556792675013771,0.006346014814678105,0.10614144919181907,0.15920876336230544
IA,Midwest,Major Arterial,hpms and fars,0.0015654620142063834,0.0004148119891373153,0.019438850721577607,0.02146510969657272
ID,West,Major Arterial,hpms and fars,0.0026415162040215206,0.0002650697145668029,0.028109327801299305,0.031209065683918114
IL,Midwest,Major Arterial,hpms and fars,0.013143320721502778,0.001866706372151741,0.042439703446491825,0.05775442941187309
IN,Midwest,Major Arterial,hpms and fars,0.009919472837448064,0.0019424077635045785,0.05182191881927486,0.06417016081589579
KS,Midwest,Major Arterial,hpms and fars,0.0012929806036233228,0.0002722144433192231,0.020489599342167805,0.02205479438911035
KY,South,Major Arterial,hpms and fars,0.01626657378068906,0.0015954894305248491,0.06666947421121042,0.0850621729515492
LA,South,Major Arterial,hpms and fars,0.026767483082687827,0.00483492757976878,0.05830891182118529,0.09010611813725558
MA,Northeast,Major Arterial,hpms and fars,0.014377608375801914,0.001737248770241441,0.03367291818166709,0.05036820064203203
MD,South,Major Arterial,hpms and fars,0.041891078975741035,0.00297023965244823,0.08481215689499265,0.13026723789961303
ME,Northeast,Major Arterial,hpms and fars,0.003469620156893604,0.0008672112944900293,0.025367282101796517,0.029704113553180145
MI,Midwest,Major Arterial,hpms and fars,0.0158957091255874,0.00240451527126618,0.04185186739370895,0.06077550862236443
MN,Midwest,Major Arterial,hpms and fars,0.0017168332537905741,0.0006376641380204204,0.016911640527503314,0.01931496093077136
MO,Midwest,Major Arterial,hpms and fars,0.011761746377790618,0.0009435810368426387,0.061431651372960805,0.07435484564686305
MP,Territories,Major Arterial,national average,0.016101784892910205,0.0020055313247254033,0.04720349201057949,0.06574103465289091
MS,South,Major Arterial,hpms and fars,0.012874360949696342,0.0018289500023600646,0.050627226309417586,0.06533053726147399
MT,West,Major Arterial,hpms and fars,0.00198064552997207,0.00039614185321032637,0.0172307662446614,0.019673577268268485
NC,South,Major Arterial,hpms and fars,0.019334130970800535,0.0010483334243117644,0.0592598846687189,0.07980924891684293
ND,Midwest,Major Arterial,hpms and fars,0.0008879353899359631,0.0003171347962207356,0.009831142703269426,0.011036212889426125
NE,Midwest,Major Arterial,hpms and fars,0.0024910673260654637,0.0001501397310194437,0.021624589789407105,0.02434085022820976
NH,Northeast,Major Arterial,hpms and fars,0.006591243069039128,0.001098546321168552,0.047236149606356234,0.056024437715873156
NJ,Northeast,Major Arterial,hpms and fars,0.04207165632168553,0.00265500715410738,0.05657208790857635,0.10211567654199942
NM,West,Major Arterial,hpms and fars,0.016498940265089877,0.0016041323756223534,0.036358218256553325,0.05484326253877889
NV,West,Major Arterial,hpms and fars,0.013067017385456015,0.0006320922282038034,0.04309789744298049,0.057639906148741836
NY,Northeast,Major Arterial,hpms and fars,0.019181807592124282,0.002881196284746641,0.03256159635264837,0.05496551537059384
OH,Midwest,Major Arterial,hpms and fars,0.010013526112136238,0.0011577033800109558,0.04382628814232218,0.05545040304168351
OK,South,Major Arterial,hpms and fars,0.007532669587922645,0.000992637270613724,0.039826761135022024,0.04876079694333771
OR,West,Major Arterial,hpms and fars,0.011910576388942478,0.001653351654776793,0.043248912366688055,0.05738276934528641
PA,Northeast,Major Arterial,hpms and fars,0.016156520144024807,0.0014323072544686123,0.0510058210299281,0.06895187414642052
PR,Territories,Major Arterial,national average,0.016101784892910205,0.0020055313247254033,0.04720349201057949,0.06574103465289091
RI,Northeast,Major Arterial,hpms and fars,0.00863429897853651,0.0009083415273308611,0.036349256456421467,0.04589189696228884
SC,South,Major Arterial,hpms and fars,0.02891999541528547,0.0029091571815474887,0.09059347696732603,0.1228053918885956
SD,Midwest,Major Arterial,hpms and fars,0.0016131829188708758,0.0,0.010265535146136146,0.012025389480321997
TN,South,Major Arterial,hpms and fars,0.01889365501587656,0.0008888135276552058,0.06693526026684804,0.0871362893614654
TX,South,Major Arterial,hpms and fars,0.016337998471504554,0.0019940178871597552,0.056189438340028694,0.07498601656500664
UT,West,Major Arterial,hpms and fars,0.009633764476629928,0.001937153539265725,0.047214276542488706,0.059212173792628796
VA,South,Major Arterial,hpms and fars,0.018729327235376115,0.0014043742536238289,0.06099790409745148,0.08173336134621426
VI,Territories,Major Arterial,national average,0.016101784892910205,0.0020055313247254033,0.04720349201057949,0.06574103465289091
VT,Northeast,Major Arterial,hpms and fars,0.004811658891241664,0.0008743723646037569,0.01881719396009913,0.02450322521594455
WA,West,Major Arterial,hpms and fars,0.017926920928367614,0.0016691587396696899,0.04478192002893858,0.06524910806403708
WI,Midwest,Major Arterial,hpms and fars,0.004014442570458666,0.000951499260960333,0.027697462579374048,0.03270484331886124
WV,South,Major Arterial,hpms and fars,0.005168674964994956,0.0007030561861266597,0.03764389497854646,0.0436568614870924
WY,West,Major Arterial,hpms and fars,0.0010900865393021842,9.090859504402705e-05,0.015987816948563598,0.017168812082909806
AK,West,Major Collector,hpms and fars,0.0011095962857963608,0.0,0.0024659348141251635,0.0036987867246919604
AL,South,Major Collector,hpms and fars,0.0010063131218829824,0.0001384841409676161,0.011211572183121608,0.012381527317899585
AR,South,Major Collector,hpms and fars,0.00031455297670511344,4.28984996003018e-05,0.005004315635508201,0.005376065310469357
AS,Territories,Major Collector,national average,0.001328823547146798,0.00029968930027951833,0.009108701397754956,0.010775520656752014
AZ,West,Major Collector,hpms and fars,0.0030221793618178095,0.0008449624221176961,0.015633363030689563,0.019695448888861367
CA,West,Major Collector,hpms and fars,0.0035136739494492876,0.0007666886950362918,0.01381739408866015,0.018265814242612026
CO,West,Major Collector,hpms and fars,0.0005749595726637877,0.0002737972619042759,0.00750074487232877,0.008376901861077502
CT,Northeast,Major Collector,hpms and fars,0.0019431020040057167,0.00022412984598468638,0.011130685413501162,0.013297917263491565
DC,South,Major Collector,hpms and fars,0.006437765641414675,0.002574797980892273,0.006432847479667343,0.015445411101974291
DE,South,Major Collector,hpms and fars,0.0034746151291932897,0.0004969087679502105,0.02805399622843856,0.03202552012558206
FL,South,Major Collector,hpms and fars,0.006787293167724084,0.0026309102086829695,0.026900388549183685,0.03650923109373825
GA,South,Major Collector,hpms and fars,0.001342619004097391,0.00023450164144578396,0.012558954820336473,0.014175229251160507
GU,Territories,Major Collector,national average,0.001328823547146798,0.00029968930027951833,0.009108701397754956,0.010775520656752014
HI,West,Major Collector,hpms and fars,0.0012426742826490127,0.0,0.0028994246083039986,0.004142098890953011
IA,Midwest,Major Collector,hpms and fars,7.692817867649093e-05,0.00011531616179263771,0.0037680325424222713,0.003960276882891399
ID,West,Major Collector,hpms and fars,0.00014879766991902338,8.963357051597993e-05,0.004861565311089179,0.0051597681441021915
IL,Midwest,Major Collector,hpms and fars,0.0012357788670581068,0.0004846635856451165,0.00908518845236074,0.010829862390935542
IN,Midwest,Major Collector,hpms and fars,0.0009812122639171078,0.00034595375723568873,0.010675159106660073,0.012077851657731143
KS,Midwest,Major Collector,hpms and fars,0.00033873302651127714,4.130085125316622e-05,0.0032629984294797873,0.003643032307244231
KY,South,Major Collector,hpms and fars,0.0009104099923273847,8.273809297671832e-05,0.014930370372342811,0.01592351845764691
LA,South,Major Collector,hpms and fars,0.0015787642797744379,0.0005608899263114345,0.013529972549277366,0.01566962675536324
MA,Northeast,Major Collector,hpms and fars,0.0016774364081651155,0.0002032875647467537,0.007469676318015218,0.009350400290927086
MD,South,Major Collector,hpms and fars,0.002789877200589651,0.0002533540914785618,0.018321466558974136,0.021681658249343105
ME,Northeast,Major Collector,hpms and fars,0.0006928678066372234,0.00010632134362325085,0.010044619506216563,0.010843808656477036
MI,Midwest,Major Collector,hpms and fars,0.0006602233959485994,0.0002758900668706504,0.007873299580502644,0.008829116469324053
MN,Midwest,Major Collector,hpms and fars,0.00034545335911326036,5.573265975616799e-05,0.0037094235883518853,0.004121659628901457
MO,Midwest,Major Collector,hpms and fars,0.0006031167239430017,5.385965465747887e-05,0.008272714343629734,0.008962023472544569
MP,Territories,Major Collector,national average,0.001328823547146798,0.00029968930027951833,0.009108701397754956,0.010775520656752014
MS,South,Major Collector,hpms and fars,0.0007098105652849527,0.0001331010756605716,0.009286527604456708,0.010144220040301558
MT,West,Major Collector,hpms and fars,0.00027472027787419056,0.0,0.0034352349939180855,0.003709955271792276
NC,South,Major Collector,hpms and fars,0.002633607056530967,0.000423613407064409,0.020719239828281513,0.023794872046088072
ND,Midwest,Major Collector,hpms and fars,8.092492428727691e-05,3.245357676584492e-05,0.0013025096591961678,0.0014158881602492897
NE,Midwest,Major Collector,hpms and fars,9.98634718465972e-05,0.0,0.0017978877934971237,0.001897751265343721
NH,Northeast,Major Collector,hpms and fars,0.0007583686058375977,0.00012639979877152036,0.00960618603333721,0.010490954437946329
NJ,Northeast,Major Collector,hpms and fars,0.0027050828943023055,0.0005409990771925033,0.012388900184397585,0.015743188673528762
NM,West,Major Collector,hpms and fars,0.0013784559742785827,0.0002235776085676282,0.007786379264078108,0.00938841284692432
NV,West,Major Collector,hpms and fars,0.0,0.0,0.0032081123348733516,0.0032081123348733516
NY,Northeast,Major Collector,hpms and fars,0.002149137479381466,0.00037612630082484736,0.007431821888365948,0.010028697025150978
OH,Midwest,Major Collector,hpms and fars,0.0013670273731357769,0.0002806882251306061,0.01447562310454897,0.016147741031142783
OK,South,Major Collector,hpms and fars,0.0004426039938832876,9.738928619366425e-05,0.006249932255346176,0.006798780568568624
OR,West,Major Collector,hpms and fars,0.0009135205270604813,0.0002139324845094398,0.007463795936004989,0.008688479160164402
PA,Northeast,Major Collector,hpms and fars,0.0006292167085734354,0.0001228215810762041,0.009828624775462879,0.010596027674593698
PR,Territories,Major Collector,national average,0.001328823547146798,0.00029968930027951833,0.009108701397754956,0.010775520656752014
RI,Northeast,Major Collector,hpms and fars,0.0014004517380184558,0.0,0.004481802696057651,0.005882254434076107
SC,South,Major Collector,hpms and fars,0.000982302589585152,0.0002650585915175267,0.007343420776389604,0.008621964519295736
SD,Midwest,Major Collector,hpms and fars,0.00015637734524309344,1.562190857074924e-05,0.0016265602857826905,0.001798559539596533
TN,South,Major Collector,hpms and fars,0.0012752537830792146,0.00013285847522143595,0.015572808367806511,0.017034029543263014
TX,South,Major Collector,hpms and fars,0.002012376612321203,0.00036742238632724776,0.011782695867095655,0.014244550522914259
UT,West,Major Collector,hpms and fars,0.0010085980772066867,0.00032084052701293093,0.00518097039488973,0.006556254145208659
VA,South,Major Collector,hpms and fars,0.0011595649748258414,0.0002800156961544013,0.011936161174281904,0.01343583135494153
VI,Territories,Major Collector,national average,0.001328823547146798,0.00029968930027951833,0.009108701397754956,0.010775520656752014
VT,Northeast,Major Collector,hpms and fars,0.000539779791007133,0.0,0.0059274105458957185,0.006467190336902852
WA,West,Major Collector,hpms and fars,0.0009225414255088153,0.00023983526932936524,0.007861105132764,0.009023481827602181
WI,Midwest,Major Collector,hpms and fars,0.00037011732213804177,0.00013213339245663684,0.005831328753207952,0.006333579467802631
WV,South,Major Collector,hpms and fars,0.000684146189919526,6.224485446219074e-05,0.008242314891289003,0.00898870593567072
WY,West,Major Collector,hpms and fars,0.00030720753337642136,0.0,0.004362308361090482,0.004669515894466904
AK,West,Minor Arterial,hpms and fars,0.0028498593885256307,0.0006332891633588888,0.008549602246752037,0.012032750798636558
AL,South,Minor Arterial,hpms and fars,0.0031224108863620774,0.0004413685984992815,0.02803578158657022,0.031694046556739644
AR,South,Minor Arterial,hpms and fars,0.002002588068878728,0.0002861366045694462,0.019616976259221548,0.021946645180729633
AS,Territories,Minor Arterial,national average,0.00647554981349176,0.0010350344638709603,0.024305372712679317,0.032058668240182026
AZ,West,Minor Arterial,hpms and fars,0.021504302922048683,0.0030754645410746365,0.04166197381261451,0.06698764633894293
CA,West,Minor Arterial,hpms and fars,0.013845807253892395,0.0026022542256667557,0.03136521518587881,0.048451955058668665
CO,West,Minor Arterial,hpms and fars,0.0028408022055100408,0.0009094109864708075,0.018032230055902394,0.022047505849683104
CT,Northeast,Minor Arterial,hpms and fars,0.010265303954312677,0.0007407972960260256,0.03100746695739336,0.04222521849833676
DC,South,Minor Arterial,hpms and fars,0.02199946734321211,0.0024444797690250245,0.03788220366759487,0.062326150779832015
DE,South,Minor Arterial,hpms and fars,0.018457138070265118,0.0038181166721575357,0.03437000765566892,0.057284485103282066
FL,South,Minor Arterial,hpms and fars,0.02594466932420079,0.006914536655365529,0.066779334522377,0.10066641432684989
GA,South,Minor Arterial,hpms and fars,0.008964067514899664,0.0008831233037999509,0.0347782867173559,0.04492003268401387
GU,Territories,Minor Arterial,national average,0.00647554981349176,0.0010350344638709603,0.024305372712679317,0.032058668240182026
HI,West,Minor Arterial,hpms and fars,0.021408613702209728,0.004011137561334758,0.04504034381346398,0.07090710036508102
IA,Midwest,Minor Arterial,hpms and fars,0.0007877223299498888,0.0004296025872692984,0.007662420616209871,0.008915529790145316
ID,West,Minor Arterial,hpms and fars,0.0017813526995375222,0.00046831670241246953,0.014524675841278723,0.016774345243228714
IL,Midwest,Minor Arterial,hpms and fars,0.005412290603471749,0.0005815525633738763,0.02267208840649356,0.028755182611865365
IN,Midwest,Minor Arterial,hpms and fars,0.004577686072903691,0.0008448631773754279,0.02664994752557695,0.03234096960327308
KS,Midwest,Minor Arterial,hpms and fars,0.0014244863968816798,0.000498682003753225,0.013674980611035187,0.015776206815588157
KY,South,Minor Arterial,hpms and fars,0.004766651257654139,0.0008129936974087983,0.036241031902015296,0.041983020132784654
LA,South,Minor Arterial,hpms and fars,0.006264883145588018,0.0017360791387241823,0.03543065545508902,0.04353684547236148
MA,Northeast,Minor Arterial,hpms and fars,0.004752198317970497,0.0002774913941518349,0.01761785636870459,0.02269406990230292
MD,South,Minor Arterial,hpms and fars,0.010827909876751592,0.0012229096191701534,0.03615446423471656,0.04881629909149625
ME,Northeast,Minor Arterial,hpms and fars,0.0026951793066656926,0.0005054460336969095,0.01702148467428604,0.02022211001464864
MI,Midwest,Minor Arterial,hpms and fars,0.003783910248389659,0.0007933587274884912,0.020872226469849077,0.02573429514627728
MN,Midwest,Minor Arterial,hpms and fars,0.0022413930653400215,0.00036987221243321163,0.010678299814228898,0.013420718943493535
MO,Midwest,Minor Arterial,hpms and fars,0.004187112101691575,0.0003570010465265575,0.025737336657493014,0.03034626757807108
MP,Territories,Minor Arterial,national average,0.00647554981349176,0.0010350344638709603,0.024305372712679317,0.032058668240182026
MS,South,Minor Arterial,hpms and fars,0.0021868035911651565,0.0003300475351895501,0.023353920976540977,0.025912044582983774
MT,West,Minor Arterial,hpms and fars,0.000509267558328515,0.00012728063024276871,0.008849766842985196,0.00948631503155648
NC,South,Minor Arterial,hpms and fars,0.007590616255660218,0.0010763998531711874,0.03573228097091745,0.04473745327954706
ND,Midwest,Minor Arterial,hpms and fars,0.00028154927766600176,0.0,0.0032377929770183436,0.0035193422546843456
NE,Midwest,Minor Arterial,hpms and fars,0.0009474782045459913,3.962542089626759e-05,0.009443738600954987,0.010430842226397246
NH,Northeast,Minor Arterial,hpms and fars,0.0026877682839978154,0.0005375228260806628,0.01917295431089066,0.022577418840234044
NJ,Northeast,Minor Arterial,hpms and fars,0.011021575739448347,0.001523716653527979,0.018843265506089436,0.03174409797598872
NM,West,Minor Arterial,hpms and fars,0.003910250740223499,0.000397373265433816,0.015042724358216755,0.0194165881592196
NV,West,Minor Arterial,hpms and fars,0.017813879593739496,0.002473656277873568,0.03835159802721988,0.0606202437922709
NY,Northeast,Minor Arterial,hpms and fars,0.00817983482381411,0.001367525449372487,0.016117740453163897,0.026000978944678
OH,Midwest,Minor Arterial,hpms and fars,0.005551647775404404,0.0009353194143972036,0.030412991532743024,0.037141351001572225
OK,South,Minor Arterial,hpms and fars,0.004453324811656849,0.0008502382290869623,0.019756398880670926,0.02518146689828384
OR,West,Minor Arterial,hpms and fars,0.005357179461929242,0.0007976896017359283,0.024733533521489506,0.031116436508806834
PA,Northeast,Minor Arterial,hpms and fars,0.003577541813178329,0.000422837980583626,0.023394987190745804,0.02748944197010672
PR,Territories,Minor Arterial,national average,0.00647554981349176,0.0010350344638709603,0.024305372712679317,0.032058668240182026
RI,Northeast,Minor Arterial,hpms and fars,0.0038801177603897522,0.0004849836924233423,0.016005561808940156,0.020855717527199193
SC,South,Minor Arterial,hpms and fars,0.01105567789664926,0.0018075241891308967,0.05939745573834583,0.07230264639441727
SD,Midwest,Minor Arterial,hpms and fars,0.0004112098648139614,5.8691421925882705e-05,0.006400417072070519,0.006929009780736245
TN,South,Minor Arterial,hpms and fars,0.0072052214187340894,0.0005880115085711212,0.04138299856958169,0.04939863413493921
TX,South,Minor Arterial,hpms and fars,0.007247527314902348,0.0011017843167822937,0.030241318220862224,0.03887150809943543
UT,West,Minor Arterial,hpms and fars,0.0032258909557369925,0.0005045415483764411,0.014844337978578117,0.019079323706730093
VA,South,Minor Arterial,hpms and fars,0.004900700671023304,0.0006468200716384929,0.02729264435323401,0.032942156935962585
VI,Territories,Minor Arterial,national average,0.00647554981349176,0.0010350344638709603,0.024305372712679317,0.032058668240182026
VT,Northeast,Minor Arterial,hpms and fars,0.0018130429949768444,0.0,0.015637604694101977,0.017450647689078818
WA,West,Minor Arterial,hpms and fars,0.0038914563562033157,0.0004979232925290026,0.01742560875479155,0.021814988403523868
WI,Midwest,Minor Arterial,hpms and fars,0.0022293222216578845,0.000268588649929066,0.014421784959293726,0.016946516375954616
WV,South,Minor Arterial,hpms and fars,0.0028049446257628007,0.00029037154738735554,0.021669197436015357,0.025055199875873117
WY,West,Minor Arterial,hpms and fars,0.0008114044193578371,0.0,0.006354493553412685,0.007165897972770523
AK,West,Minor Collector,hpms and fars,0.0002393908961677022,0.0,0.0029981388221121566,0.0032375297182798595
AL,South,Minor Collector,hpms and fars,0.00016452258987618146,0.0,0.0030106208519690087,0.00317514344184519
AR,South,Minor Collector,hpms and fars,2.8623433260601187e-05,0.0,0.0008872312072265461,0.0009158546404871473
AS,Territories,Minor Collector,national average,0.0005587271997875925,0.00016819240577131488,0.005225872490670248,0.00596957033185796
AZ,West,Minor Collector,hpms and fars,0.0006162935746496331,0.0002844806708393856,0.0037914254977613653,0.004763295284799273
CA,West,Minor Collector,hpms and fars,0.002880576853036043,0.000638012337132525,0.01006242852186134,0.013734198915640951
CO,West,Minor Collector,hpms and fars,2.2496011176018352e-05,4.4984952239250506e-05,0.0017983268652911762,0.001865807828706445
CT,Northeast,Minor Collector,hpms and fars,0.0005422669022655915,0.0,0.005158577765115982,0.005700844667381574
DC,South,Minor Collector,imputed from state Major Collector rate,0.006437765641414675,0.002574797980892273,0.006432847479667343,0.015445411101974291
DE,South,Minor Collector,hpms and fars,0.0012320602150702163,0.0006065384848668648,0.017209410463801773,0.019048009163738853
FL,South,Minor Collector,hpms and fars,0.0027549372888238883,0.001062673943561874,0.015742856583146496,0.01971783469780003
GA,South,Minor Collector,hpms and fars,0.0006450931720630756,0.0,0.006635029304127881,0.0072801224761909564
GU,Territories,Minor Collector,national average,0.0005587271997875925,0.00016819240577131488,0.005225872490670248,0.00596957033185796
HI,West,Minor Collector,hpms and fars,0.0,0.0,0.0037039643530470665,0.0037039643530470665
IA,Midwest,Minor Collector,hpms and fars,2.5017075786824124e-05,3.7510674943747246e-05,0.0010380104402542903,0.0011130512013874277
ID,West,Minor Collector,hpms and fars,6.693326184860968e-05,5.3902369871593775e-05,0.037633586548475075,0.03775442218019528
IL,Midwest,Minor Collector,hpms and fars,0.0004484685351797711,3.1902760386342426e-05,0.0034538935688560716,0.003934264864422185
IN,Midwest,Minor Collector,hpms and fars,8.695574635523046e-05,4.4681568934101126e-05,0.003291422263776344,0.003465082560554051
KS,Midwest,Minor Collector,hpms and fars,6.0840754457899644e-05,2.0273758589611382e-05,0.0007099824825346722,0.0007910969955821831
KY,South,Minor Collector,hpms and fars,0.00034875957945827,4.101018754573918e-05,0.006791131665246089,0.0071809014322500985
LA,South,Minor Collector,hpms and fars,0.000996247069723522,0.0005509281441296542,0.00713131460196757,0.008723908944677313
MA,Northeast,Minor Collector,hpms and fars,0.000323788585480996,0.0,0.004540349302716883,0.004864137888197878
MD,South,Minor Collector,hpms and fars,0.00062329405157248,8.904394407684134e-05,0.0037397906718171317,0.004452128667466453
ME,Northeast,Minor Collector,hpms and fars,0.0002749128342211337,0.0,0.005034006924354816,0.00530891975857595
MI,Midwest,Minor Collector,hpms and fars,0.00013741523792909719,4.583750741135198e-05,0.003344298495132093,0.0036191666235198946
MN,Midwest,Minor Collector,hpms and fars,7.484742205634809e-05,1.5591052918372264e-05,0.001505561211670283,0.0015959996866450033
MO,Midwest,Minor Collector,hpms and fars,9.018333497582003e-05,0.0,0.0031845877337095914,0.0032747710686854116
MP,Territories,Minor Collector,national average,0.0005587271997875925,0.00016819240577131488,0.005225872490670248,0.00596957033185796
MS,South,Minor Collector,hpms and fars,0.0015529512329043858,0.0001728550311168185,0.015960043619204646,0.01768584988322585
MT,West,Minor Collector,hpms and fars,4.5091853232330586e-05,0.0,0.0007438032535717747,0.0007888951068041053
NC,South,Minor Collector,hpms and fars,0.0014168083119852754,0.00021564118859570218,0.013335445590602676,0.014998695695922729
ND,Midwest,Minor Collector,imputed from state Major Collector rate,8.092492428727691e-05,3.245357676584492e-05,0.0013025096591961678,0.0014158881602492897
NE,Midwest,Minor Collector,hpms and fars,4.528645038461782e-05,0.0,0.0004303905164633728,0.00047567696684799063
NH,Northeast,Minor Collector,hpms and fars,0.0,0.0,0.0050703430201339906,0.0050703430201339906
NJ,Northeast,Minor Collector,hpms and fars,0.0002706579695239126,0.0002704822698872089,0.003786927478057628,0.00432806771746875
NM,West,Minor Collector,hpms and fars,0.0002903354933165499,5.803163652696903e-05,0.003202038289570057,0.003608356142754505
NV,West,Minor Collector,hpms and fars,0.0013579850447507833,0.0004304191413388904,0.004004396884141218,0.0057928010702308925
NY,Northeast,Minor Collector,hpms and fars,8.373271596615419e-05,4.186975679842421e-05,0.0022819616761613273,0.002407564148925906
OH,Midwest,Minor Collector,hpms and fars,0.000549890459106796,0.0002024766188774416,0.0061331857341632825,0.006914460143914077
OK,South,Minor Collector,hpms and fars,6.347809831043518e-05,6.366618545641494e-05,0.0008902724483977435,0.0010174167321645936
OR,West,Minor Collector,hpms and fars,0.00014164018295760271,4.721502193137769e-05,0.002028196903660124,0.0022170521085491043
PA,Northeast,Minor Collector,hpms and fars,0.00017180621794248978,5.731070680305992e-05,0.005988767220677423,0.006217884145422973
PR,Territories,Minor Collector,national average,0.0005587271997875925,0.00016819240577131488,0.005225872490670248,0.00596957033185796
RI,Northeast,Minor Collector,hpms and fars,0.0,0.0,0.00428680531527602,0.00428680531527602
SC,South,Minor Collector,hpms and fars,0.0004734279198002304,0.00018924680716980456,0.0029369757715210112,0.0035996504984910456
SD,Midwest,Minor Collector,hpms and fars,0.0,0.0,0.00038755725990073615,0.00038755725990073615
TN,South,Minor Collector,hpms and fars,0.00039356809927607066,7.502676120457269e-05,0.007366791772100902,0.007835386632581546
TX,South,Minor Collector,hpms and fars,0.0002382811300698273,5.017672189229956e-05,0.003436777870763596,0.0037252357227257225
UT,West,Minor Collector,hpms and fars,0.00014842869670945948,0.00014845641018496595,0.0018816822233961473,0.002277619875870618
VA,South,Minor Collector,hpms and fars,0.0004554374606307664,0.0,0.00483354297080048,0.005323956986646285
VI,Territories,Minor Collector,national average,0.0005587271997875925,0.00016819240577131488,0.005225872490670248,0.00596957033185796
VT,Northeast,Minor Collector,hpms and fars,0.0,0.0,0.0032303475274623036,0.0032303475274623036
WA,West,Minor Collector,hpms and fars,0.00033934430986157574,6.165031764572958e-05,0.0030536168937003475,0.0034853996464124905
WI,Midwest,Minor Collector,hpms and fars,0.00023907164411033073,4.7881151321435984e-05,0.0035322969454941885,0.003819249740925955
WV,South,Minor Collector,hpms and fars,0.0009924911235166492,0.00027078305248057026,0.006948797863776393,0.008212072039773612
WY,West,Minor Collector,hpms and fars,2.275778367406666e-05,0.0,0.0006372286903500354,0.0006599864740241021
